City_ID,City,Country,Date,Lat,Lng,Max Temp,Humidity,Cloudiness,Wind Speed
0,Bredasdorp,ZA,2020-10-27 02:40:48,-34.53,20.04,64.4,88,47,3.36
1,Mildura,AU,2020-10-27 02:43:17,-34.2,142.15,62.01,77,90,11.41
2,Pacific Grove,US,2020-10-27 02:42:01,36.62,-121.92,59.0,38,1,3.36
3,Hamilton,US,2020-10-27 02:39:06,39.18,-84.53,48.2,81,90,3.36
4,Jamestown,US,2020-10-27 02:40:34,42.1,-79.24,44.01,100,90,2.84
5,Kapaa,US,2020-10-27 02:43:17,22.08,-159.32,73.4,88,90,11.41
6,Cape Town,ZA,2020-10-27 02:43:17,-33.93,18.42,61.0,93,0,5.82
7,Khatanga,RU,2020-10-27 02:43:17,71.97,102.5,2.12,94,89,9.17
8,Nantucket,US,2020-10-27 02:41:38,41.28,-70.1,57.99,95,90,4.7
9,Sao Filipe,CV,2020-10-27 02:43:18,14.9,-24.5,79.21,81,98,10.11
10,Preobrazheniye,RU,2020-10-27 02:43:18,42.9,133.91,52.99,55,100,4.0
11,Albany,US,2020-10-27 02:40:03,42.6,-73.97,51.01,90,100,1.81
12,Amga,RU,2020-10-27 02:43:18,60.9,131.96,24.1,94,100,6.13
13,Hermanus,ZA,2020-10-27 02:43:18,-34.42,19.23,62.01,84,5,1.01
14,Mataura,NZ,2020-10-27 02:43:18,-46.19,168.86,57.99,63,71,8.01
15,Kodiak,US,2020-10-27 02:43:18,57.79,-152.41,48.2,49,1,23.04
16,Avarua,CK,2020-10-27 02:43:18,-21.21,-159.78,71.6,83,100,13.87
17,Leningradskiy,RU,2020-10-27 02:43:19,69.38,178.42,24.82,93,100,15.43
18,Severo-Kurilsk,RU,2020-10-27 02:43:19,50.68,156.12,45.12,81,99,4.25
19,New Norfolk,AU,2020-10-27 02:43:19,-42.78,147.06,59.0,48,75,4.0
20,Atuona,PF,2020-10-27 02:40:41,-9.8,-139.03,78.78,76,49,22.35
21,Raahe,FI,2020-10-27 02:43:19,64.68,24.48,43.0,100,90,4.7
22,Sampit,ID,2020-10-27 02:43:19,-2.53,112.95,75.65,92,100,3.94
23,Begunitsy,RU,2020-10-27 02:43:19,59.59,29.32,50.0,87,75,8.95
24,Hithadhoo,MV,2020-10-27 02:43:19,-0.6,73.08,83.48,65,52,7.29
25,Grojec,PL,2020-10-27 02:43:20,51.86,20.87,54.0,10,99,9.33
26,Road Town,VG,2020-10-27 02:43:20,18.42,-64.62,81.0,89,7,15.01
27,Ribeira Grande,PT,2020-10-27 02:43:20,38.52,-28.7,68.27,86,84,10.65
28,Brus Laguna,HN,2020-10-27 02:43:20,15.75,-84.48,73.83,93,100,2.3
29,Puerto Ayora,EC,2020-10-27 02:43:20,-0.74,-90.35,68.0,92,54,3.0
30,Rikitea,PF,2020-10-27 02:43:21,-23.12,-134.97,75.56,86,100,14.74
31,Broome,US,2020-10-27 02:43:21,42.25,-75.83,48.99,100,90,12.75
32,Deputatskiy,RU,2020-10-27 02:42:57,69.3,139.9,4.06,90,100,1.43
33,Rondonopolis,BR,2020-10-27 02:43:21,-16.47,-54.64,77.11,82,100,1.54
34,Codrington,AU,2020-10-27 02:43:21,-38.27,141.97,60.08,76,75,15.08
35,Sambava,MG,2020-10-27 02:43:21,-14.27,50.17,71.42,80,4,6.49
36,Oranjemund,NA,2020-10-27 02:43:21,-28.55,16.43,59.16,83,92,11.3
37,Ushuaia,AR,2020-10-27 02:39:30,-54.8,-68.3,48.2,39,20,14.99
38,Bulawayo,ZW,2020-10-27 02:43:22,-20.15,28.58,64.81,50,0,10.56
39,Nishihara,JP,2020-10-27 02:43:22,26.18,127.76,78.8,44,40,10.29
40,Trinidad,BO,2020-10-27 02:43:22,-14.83,-64.9,70.84,94,100,3.38
41,Bambous Virieux,MU,2020-10-27 02:43:22,-20.34,57.76,75.0,78,40,6.93
42,Bertoua,CM,2020-10-27 02:43:22,4.58,13.68,67.15,96,97,2.8
43,Vaini,TO,2020-10-27 02:40:55,-21.2,-175.2,77.0,83,75,10.29
44,Mahebourg,MU,2020-10-27 02:41:37,-20.41,57.7,71.6,78,40,6.93
45,Takoradi,GH,2020-10-27 02:43:22,4.88,-1.76,77.31,88,97,6.13
46,Bluff,NZ,2020-10-27 02:43:22,-46.6,168.33,57.99,63,20,8.01
47,Talnakh,RU,2020-10-27 02:39:56,69.49,88.4,3.2,84,0,6.71
48,Wattegama,LK,2020-10-27 02:43:23,6.8,81.48,80.6,94,75,5.82
49,Belgrade,RS,2020-10-27 02:43:23,44.8,20.47,50.0,93,0,5.26
50,Prince Rupert,CA,2020-10-27 02:38:54,54.32,-130.32,51.8,100,90,6.93
51,Cabo San Lucas,MX,2020-10-27 02:41:32,22.89,-109.91,82.4,69,20,11.41
52,Koping,SE,2020-10-27 02:43:23,59.51,15.99,50.0,93,100,3.36
53,Walvis Bay,NA,2020-10-27 02:43:23,-22.96,14.51,55.99,100,0,4.7
54,Aykhal,RU,2020-10-27 02:43:24,66.0,111.5,-5.8,76,100,4.38
55,Kerema,PG,2020-10-27 02:43:24,-7.96,145.78,83.61,70,75,7.29
56,Sorland,NO,2020-10-27 02:43:24,67.67,12.69,48.49,72,1,17.69
57,Busselton,AU,2020-10-27 02:43:24,-33.65,115.33,66.99,65,76,11.99
58,Nanortalik,GL,2020-10-27 02:38:36,60.14,-45.24,32.52,92,94,16.73
59,Qaanaaq,GL,2020-10-27 02:43:24,77.48,-69.36,8.8,78,98,9.06
60,Biak,ID,2020-10-27 02:43:10,-0.91,122.88,85.64,60,96,3.62
61,Wanaka,NZ,2020-10-27 02:38:39,-44.7,169.15,55.42,57,91,7.58
62,Maiduguri,NG,2020-10-27 02:43:24,11.85,13.16,74.07,30,27,7.0
63,Kuruman,ZA,2020-10-27 02:43:25,-27.45,23.43,64.99,64,51,14.27
64,Coihaique,CL,2020-10-27 02:41:41,-45.58,-72.07,44.6,85,75,3.36
65,Bengkulu,ID,2020-10-27 02:43:25,-3.8,102.27,82.54,66,100,0.85
66,Punta Arenas,CL,2020-10-27 02:43:25,-53.15,-70.92,42.8,70,20,14.99
67,Saint-Augustin,CA,2020-10-27 02:43:25,51.23,-58.65,33.28,82,100,11.05
68,Arraial Do Cabo,BR,2020-10-27 02:43:25,-22.97,-42.03,72.05,88,6,11.3
69,Cidreira,BR,2020-10-27 02:43:25,-30.18,-50.21,65.05,92,100,14.97
70,Cam Ranh,VN,2020-10-27 02:43:25,11.92,109.16,84.2,79,75,4.7
71,Kulachi,PK,2020-10-27 02:43:26,31.93,70.46,74.82,21,0,3.67
72,Den Helder,NL,2020-10-27 02:43:26,52.96,4.76,53.01,76,20,14.99
73,Norman Wells,CA,2020-10-27 02:39:33,65.28,-126.83,24.8,79,75,18.34
74,Narsaq,GL,2020-10-27 02:38:40,60.92,-46.05,35.6,43,89,1.12
75,Tirschenreuth,DE,2020-10-27 02:43:26,49.88,12.33,44.01,94,100,5.1
76,Stillwater,US,2020-10-27 02:41:04,36.12,-97.06,30.2,92,90,13.87
77,Vestmanna,FO,2020-10-27 02:43:26,62.16,-7.17,35.6,76,24,6.93
78,Cherskiy,RU,2020-10-27 02:38:42,68.75,161.3,7.21,94,84,8.14
79,Marrakesh,MA,2020-10-27 02:43:26,31.63,-8.01,57.2,87,20,3.36
80,Northam,GB,2020-10-27 02:43:27,51.03,-4.22,48.99,87,100,8.01
81,Fortuna,US,2020-10-27 02:42:59,40.6,-124.16,51.01,76,1,4.47
82,Pisco,PE,2020-10-27 02:43:27,-13.7,-76.22,63.0,82,0,12.75
83,Lebu,CL,2020-10-27 02:41:50,-37.62,-73.65,51.15,87,100,8.75
84,Basdiot,PH,2020-10-27 02:43:27,9.95,123.38,86.0,74,20,11.41
85,Hailey,US,2020-10-27 02:43:27,43.52,-114.32,26.6,53,5,3.22
86,Dubbo,AU,2020-10-27 02:42:55,-32.25,148.62,73.4,46,0,16.11
87,Nouadhibou,MR,2020-10-27 02:43:27,20.93,-17.03,75.2,60,0,18.34
88,Upernavik,GL,2020-10-27 02:43:27,72.79,-56.15,17.53,83,40,4.41
89,Knysna,ZA,2020-10-27 02:40:06,-34.04,23.05,60.8,100,0,6.93
90,Kalmunai,LK,2020-10-27 02:43:28,7.42,81.82,83.57,67,2,3.74
91,Ilulissat,GL,2020-10-27 02:43:28,69.22,-51.1,19.4,73,100,6.93
92,Zyryanka,RU,2020-10-27 02:43:28,65.75,150.85,12.29,94,1,5.32
93,Dovolnoye,RU,2020-10-27 02:43:28,54.5,79.67,44.94,61,89,16.67
94,Hobart,AU,2020-10-27 02:39:53,-42.88,147.33,59.0,58,75,11.41
95,Tuktoyaktuk,CA,2020-10-27 02:43:28,69.45,-133.04,10.4,78,20,14.99
96,Port Elizabeth,ZA,2020-10-27 02:43:29,-33.92,25.57,64.4,93,90,16.11
97,Coquimbo,CL,2020-10-27 02:43:16,-29.95,-71.34,53.6,87,0,8.05
98,Longyearbyen,SJ,2020-10-27 02:38:59,78.22,15.64,26.6,86,75,6.93
99,Anloga,GH,2020-10-27 02:43:29,5.79,0.9,78.8,94,20,4.7
100,Vietri Sul Mare,IT,2020-10-27 02:43:29,40.67,14.73,64.99,89,98,4.0
101,Port Alfred,ZA,2020-10-27 02:40:59,-33.59,26.89,67.35,85,68,24.61
102,Severomuysk,RU,2020-10-27 02:43:29,56.15,113.43,7.84,90,0,3.67
103,Tiksi,RU,2020-10-27 02:43:29,71.69,128.87,6.24,93,96,5.03
104,Nagamangala,IN,2020-10-27 02:43:29,12.82,76.76,72.57,71,0,4.56
105,Ostrovnoy,RU,2020-10-27 02:43:30,68.05,39.51,41.58,93,100,20.56
106,Naze,JP,2020-10-27 02:43:30,28.37,129.48,78.8,57,20,9.17
107,Te Anau,NZ,2020-10-27 02:43:30,-45.42,167.72,59.25,51,2,7.27
108,Maniitsoq,GL,2020-10-27 02:43:30,65.42,-52.9,23.34,88,26,8.25
109,Rio Grande,BR,2020-10-27 02:39:15,-32.03,-52.1,60.01,99,100,10.0
110,Guaruja,BR,2020-10-27 02:43:30,-23.99,-46.26,73.99,26,21,6.04
111,Collie,AU,2020-10-27 02:43:30,-33.37,116.15,66.99,65,90,11.99
112,Alta,NO,2020-10-27 02:41:09,69.97,23.27,32.0,92,70,14.99
113,Gurupi,BR,2020-10-27 02:39:32,-11.73,-49.07,74.91,83,100,5.06
114,Isangel,VU,2020-10-27 02:43:31,-19.55,169.27,84.2,54,75,9.17
115,Kysyl-Syr,RU,2020-10-27 02:43:31,63.9,122.76,11.3,92,96,6.96
116,Saint-Pierre,RE,2020-10-27 02:43:31,-21.34,55.48,73.4,78,75,3.36
117,Myitkyina,MM,2020-10-27 02:43:31,25.38,97.4,83.7,59,0,1.59
118,Chokurdakh,RU,2020-10-27 02:43:31,70.63,147.92,6.85,95,100,9.62
119,Guerrero Negro,MX,2020-10-27 02:43:31,27.98,-114.06,65.88,37,0,14.72
120,Vardo,NO,2020-10-27 02:38:33,70.37,31.11,39.99,79,11,19.93
121,Hilo,US,2020-10-27 02:43:32,19.73,-155.09,75.99,88,90,9.17
122,Hualmay,PE,2020-10-27 02:39:09,-11.1,-77.61,63.27,84,81,8.19
123,Zharkent,KZ,2020-10-27 02:41:07,44.16,80.0,54.54,35,80,4.41
124,Nome,US,2020-10-27 02:43:32,64.5,-165.41,35.6,64,1,9.17
125,Lasa,IT,2020-10-27 02:40:54,46.62,10.7,45.0,86,75,10.29
126,Kavaratti,IN,2020-10-27 02:43:32,10.57,72.64,82.0,70,26,5.28
127,Fukue,JP,2020-10-27 02:43:32,32.69,128.84,69.8,49,75,5.82
128,Cabra,ES,2020-10-27 02:43:32,37.47,-4.44,45.0,93,0,1.12
129,Khandbari,NP,2020-10-27 02:43:32,27.37,87.2,73.45,45,0,1.14
130,Bethel,US,2020-10-27 02:43:33,41.37,-73.41,54.0,100,90,1.52
131,Nevers,FR,2020-10-27 02:43:33,46.92,3.33,46.4,93,75,9.17
132,Soverato,IT,2020-10-27 02:43:33,38.69,16.55,50.0,87,0,4.7
133,Ketchikan,US,2020-10-27 02:42:52,55.34,-131.65,51.8,93,90,6.93
134,Zheshart,RU,2020-10-27 02:43:33,62.07,49.57,20.82,97,92,5.1
135,Bosaso,SO,2020-10-27 02:43:33,11.28,49.18,74.37,61,82,2.28
136,Gat,IL,2020-10-27 02:43:33,31.61,34.76,69.01,100,0,1.99
137,Acapulco,MX,2020-10-27 02:43:33,16.86,-99.89,84.2,83,90,10.29
138,Arauco,CL,2020-10-27 02:43:34,-37.25,-73.32,55.4,76,0,2.24
139,Ust-Nera,RU,2020-10-27 02:43:34,64.57,143.2,11.71,83,100,2.59
140,Jining,CN,2020-10-27 02:43:34,35.41,116.58,71.01,1,99,7.96
141,Butaritari,KI,2020-10-27 02:40:24,3.07,172.79,81.64,66,7,9.44
142,Monticello,US,2020-10-27 02:43:34,45.31,-93.79,24.8,62,1,6.08
143,Carnarvon,AU,2020-10-27 02:43:35,-24.87,113.63,77.0,57,0,25.28
144,Belaya Gora,RU,2020-10-27 02:43:35,68.53,146.42,7.63,88,54,1.7
145,Bridgetown,BB,2020-10-27 02:43:35,13.1,-59.62,78.8,78,75,17.22
146,North Bend,US,2020-10-27 02:43:35,43.41,-124.22,51.01,61,1,11.41
147,Vao,NC,2020-10-27 02:43:35,-22.67,167.48,73.33,81,15,19.15
148,Patuli,IN,2020-10-27 02:43:35,23.55,88.25,79.45,49,0,4.65
149,Clyde River,CA,2020-10-27 02:43:36,70.47,-68.59,9.39,86,2,4.0
150,Fort Nelson,CA,2020-10-27 02:39:18,58.81,-122.7,32.0,93,90,5.82
151,San Ignacio,BZ,2020-10-27 02:43:36,17.16,-89.07,80.01,83,75,4.7
152,Airai,TL,2020-10-27 02:41:23,-8.93,125.41,79.02,53,58,3.29
153,Valparaiso,CL,2020-10-27 02:39:31,-33.04,-71.63,46.4,93,0,2.24
154,Mount Gambier,AU,2020-10-27 02:43:36,-37.83,140.77,62.6,59,90,12.75
155,Saldanha,ZA,2020-10-27 02:43:36,-33.01,17.94,59.0,87,9,5.82
156,East London,ZA,2020-10-27 02:43:36,-33.02,27.91,66.92,83,55,19.13
157,Chumikan,RU,2020-10-27 02:43:37,54.72,135.31,39.16,71,100,11.83
158,Osakarovka,KZ,2020-10-27 02:43:37,50.56,72.57,35.06,82,48,22.53
159,Puri,IN,2020-10-27 02:43:37,19.8,85.85,71.6,94,20,3.36
160,Wodonga,AU,2020-10-27 02:43:37,-36.12,146.88,66.2,45,92,5.82
161,Kefar Sava,IL,2020-10-27 02:43:37,32.17,34.91,69.01,82,0,2.24
162,Buluang,PH,2020-10-27 02:43:37,13.31,123.34,83.26,76,100,2.06
163,Bonthe,SL,2020-10-27 02:43:37,7.53,-12.51,78.03,85,31,3.85
164,San Patricio,US,2020-10-27 02:40:50,28.02,-97.52,78.8,78,20,11.41
165,Calvinia,ZA,2020-10-27 02:43:38,-31.47,19.78,55.24,51,0,3.65
166,Tomatlan,MX,2020-10-27 02:39:04,19.93,-105.25,78.82,87,83,2.59
167,Repalle,IN,2020-10-27 02:43:38,16.02,80.85,78.8,83,0,4.7
168,Kvarkeno,RU,2020-10-27 02:43:38,52.08,59.73,30.69,87,95,24.29
169,Lompoc,US,2020-10-27 02:43:38,34.64,-120.46,60.8,63,1,4.7
170,Bantogon,PH,2020-10-27 02:43:38,6.53,124.03,83.91,67,87,6.51
171,Banda Aceh,ID,2020-10-27 02:41:41,5.56,95.32,86.2,61,5,12.28
172,Ahuimanu,US,2020-10-27 02:43:39,21.44,-157.84,82.4,69,90,5.82
173,Aklavik,CA,2020-10-27 02:42:08,68.22,-135.01,10.4,85,75,6.93
174,Tual,ID,2020-10-27 02:43:39,-5.67,132.75,81.95,73,100,4.47
175,Sao Joao Da Barra,BR,2020-10-27 02:43:39,-21.64,-41.05,71.17,89,100,5.39
176,Tautira,PF,2020-10-27 02:43:39,-17.73,-149.15,82.4,74,75,9.17
177,Caravelas,BR,2020-10-27 02:43:39,-17.71,-39.25,73.02,92,6,3.33
178,Laguna,US,2020-10-27 02:43:39,38.42,-121.42,69.01,8,1,12.75
179,Kenai,US,2020-10-27 02:43:40,60.55,-151.26,42.8,80,90,4.7
180,Algiers,DZ,2020-10-27 02:38:47,36.75,3.04,53.6,93,40,4.7
181,Matara,LK,2020-10-27 02:43:40,5.95,80.54,83.01,73,53,6.58
182,Touros,BR,2020-10-27 02:43:40,-5.2,-35.46,78.8,88,40,5.82
183,San Quintin,MX,2020-10-27 02:41:38,30.48,-115.95,63.32,41,0,6.35
184,Souillac,MU,2020-10-27 02:43:40,-20.52,57.52,71.6,78,40,6.93
185,Dillon,US,2020-10-27 02:43:40,34.42,-79.37,61.0,100,1,1.77
186,Dikson,RU,2020-10-27 02:40:47,73.51,80.55,10.4,95,81,17.47
187,Znin,PL,2020-10-27 02:43:41,52.85,17.72,50.0,100,94,9.17
188,Gijon,ES,2020-10-27 02:40:00,43.54,-5.66,55.4,66,0,9.17
189,Quesnel,CA,2020-10-27 02:42:07,53.0,-122.5,33.8,86,90,13.87
190,Lao Cai,VN,2020-10-27 02:43:41,22.48,103.95,81.61,61,52,1.92
191,Vanimo,PG,2020-10-27 02:42:13,-2.67,141.3,85.51,61,0,5.59
192,Utiel,ES,2020-10-27 02:43:41,39.57,-1.2,42.01,73,0,1.01
193,Srandakan,ID,2020-10-27 02:43:41,-7.94,110.25,81.99,76,100,8.93
194,Taoudenni,ML,2020-10-27 02:43:41,22.68,-3.98,82.24,22,0,7.61
195,Yar-Sale,RU,2020-10-27 02:43:41,66.83,70.83,6.24,95,28,5.37
196,Oktyabrskiy,RU,2020-10-27 02:43:42,54.48,53.47,27.54,92,63,12.53
197,Nikolskoye,RU,2020-10-27 02:43:42,59.7,30.79,50.0,87,75,8.95
198,Ghanzi,BW,2020-10-27 02:43:42,-21.57,21.78,67.19,27,42,7.63
199,Egvekinot,RU,2020-10-27 02:38:53,66.32,-179.17,22.46,96,100,4.09
200,Barrow,US,2020-10-27 02:43:42,71.29,-156.79,19.4,85,90,11.41
201,Burnie,AU,2020-10-27 02:42:50,-41.07,145.92,62.01,41,94,8.99
202,Berlevag,NO,2020-10-27 02:43:42,70.86,29.09,37.99,78,2,14.54
203,Ponta Do Sol,PT,2020-10-27 02:43:43,32.67,-17.1,66.2,63,20,10.29
204,Taga,RO,2020-10-27 02:43:43,46.95,24.05,42.8,100,90,1.12
205,Marsala,IT,2020-10-27 02:41:21,37.8,12.44,60.8,82,40,2.24
206,Nkhata Bay,MW,2020-10-27 02:43:43,-11.61,34.29,73.85,70,70,4.38
207,Korla,CN,2020-10-27 02:39:06,41.76,86.15,47.97,46,61,7.05
208,Ahipara,NZ,2020-10-27 02:43:43,-35.17,173.17,67.69,75,77,7.87
209,Ketou,BJ,2020-10-27 02:43:43,7.36,2.6,74.23,94,79,1.77
210,Port Shepstone,ZA,2020-10-27 02:43:44,-30.74,30.45,64.71,85,100,4.94
211,Lorengau,PG,2020-10-27 02:38:51,-2.02,147.27,82.54,76,85,4.21
212,Omboue,GA,2020-10-27 02:43:44,-1.57,9.26,76.3,88,100,6.76
213,Katsuura,JP,2020-10-27 02:42:09,35.13,140.3,66.99,59,75,10.29
214,Soe,ID,2020-10-27 02:43:44,-9.86,124.28,86.94,43,84,6.4
215,Alta Floresta,BR,2020-10-27 02:43:44,-9.88,-56.09,71.8,87,43,1.34
216,Buraydah,SA,2020-10-27 02:39:14,26.33,43.98,59.0,38,0,3.36
217,Camocim,BR,2020-10-27 02:43:45,-2.9,-40.84,77.92,83,38,9.28
218,Provideniya,RU,2020-10-27 02:43:45,64.38,-173.3,33.8,69,90,4.47
219,Trairi,BR,2020-10-27 02:43:45,-3.28,-39.27,77.77,82,0,9.04
220,Guarda,PT,2020-10-27 02:43:45,40.54,-7.27,48.99,91,99,3.0
221,Georgetown,MY,2020-10-27 02:43:45,5.41,100.34,86.0,78,20,2.24
222,Saint George,US,2020-10-27 02:43:45,37.1,-113.58,44.6,12,1,23.04
223,Santa Vitoria Do Palmar,BR,2020-10-27 02:43:45,-33.52,-53.37,56.7,81,100,12.5
224,Chervona Sloboda,UA,2020-10-27 02:43:45,49.38,32.15,51.15,72,73,10.18
225,Hofn,IS,2020-10-27 02:43:46,64.25,-15.21,36.86,77,80,14.38
226,Salalah,OM,2020-10-27 02:43:46,17.02,54.09,73.4,64,0,2.24
227,Esperance,AU,2020-10-27 02:41:02,-33.87,121.9,77.0,47,0,4.7
228,Dingle,PH,2020-10-27 02:43:46,11.0,122.67,85.12,74,88,9.06
229,Zhezkazgan,KZ,2020-10-27 02:41:32,47.8,67.71,32.92,86,37,20.04
230,Thompson,CA,2020-10-27 02:40:49,55.74,-97.86,23.0,57,5,8.05
231,Oliveira Dos Brejinhos,BR,2020-10-27 02:43:46,-12.32,-42.9,70.95,87,64,2.33
232,Jibuti,DJ,2020-10-27 02:43:46,11.5,42.5,78.8,65,20,12.64
233,Constitucion,CL,2020-10-27 02:43:47,-35.33,-72.42,49.84,84,100,9.44
234,Pedernales,DO,2020-10-27 02:43:47,18.04,-71.74,81.52,69,98,4.52
235,Coahuayana,MX,2020-10-27 02:39:29,18.73,-103.68,79.68,88,99,2.33
236,New Port Richey,US,2020-10-27 02:43:47,28.24,-82.72,82.0,68,43,7.0
237,Husavik,IS,2020-10-27 02:43:47,66.04,-17.34,35.6,59,90,6.93
238,Mehamn,NO,2020-10-27 02:43:47,71.04,27.85,37.94,77,43,9.08
239,Mar Del Plata,AR,2020-10-27 02:42:45,-38.0,-57.56,55.0,81,0,3.36
240,Yellowknife,CA,2020-10-27 02:43:48,62.46,-114.35,21.2,79,90,12.75
241,Pio Xii,BR,2020-10-27 02:43:48,-3.83,-45.15,76.37,87,41,4.03
242,Dicabisagan,PH,2020-10-27 02:43:48,17.08,122.42,84.16,71,100,2.48
243,Meulaboh,ID,2020-10-27 02:43:48,4.14,96.13,83.91,69,53,2.48
244,Hasaki,JP,2020-10-27 02:43:48,35.73,140.83,66.99,55,75,12.75
245,Huittinen,FI,2020-10-27 02:43:48,61.18,22.7,48.99,100,90,6.93
246,Ayan,RU,2020-10-27 02:39:00,56.45,138.17,36.01,67,1,2.95
247,Beringovskiy,RU,2020-10-27 02:43:48,63.05,179.32,33.19,86,0,2.53
248,Victoria,HK,2020-10-27 02:40:00,22.29,114.16,81.0,57,21,4.0
249,Marsh Harbour,BS,2020-10-27 02:39:09,26.54,-77.06,81.75,79,98,9.17
250,San Rafael Del Sur,NI,2020-10-27 02:43:49,11.85,-86.44,78.8,94,75,4.7
251,Chiredzi,ZW,2020-10-27 02:43:49,-21.05,31.67,67.95,55,0,4.59
252,Sinnamary,GF,2020-10-27 02:43:49,5.38,-52.95,79.75,83,10,8.43
253,Swan River,CA,2020-10-27 02:42:05,52.11,-101.27,16.57,94,0,9.57
254,Lavrentiya,RU,2020-10-27 02:43:49,65.58,-171.0,31.05,91,2,4.47
255,Paamiut,GL,2020-10-27 02:43:50,61.99,-49.67,30.97,89,1,23.78
256,Castro,BR,2020-10-27 02:43:50,-24.79,-50.01,61.59,94,100,4.03
257,San Carlos De Bariloche,AR,2020-10-27 02:40:24,-41.15,-71.31,41.0,86,90,17.22
258,Nemuro,JP,2020-10-27 02:43:09,43.32,145.57,51.8,66,75,5.82
259,Koundara,GN,2020-10-27 02:43:50,12.48,-13.3,71.8,46,0,1.5
260,Komsomolskiy,UZ,2020-10-27 02:43:50,40.43,71.72,42.8,48,0,6.93
261,Obo,CF,2020-10-27 02:43:50,5.4,26.49,68.23,93,68,1.1
262,Manaure,CO,2020-10-27 02:43:50,11.78,-72.44,81.95,78,84,15.08
263,Astara,AZ,2020-10-27 02:43:51,38.5,48.67,48.2,100,0,2.04
264,Hudiksvall,SE,2020-10-27 02:43:51,61.73,17.1,44.91,97,100,1.3
265,Ribas Do Rio Pardo,BR,2020-10-27 02:43:51,-20.44,-53.76,69.67,89,100,2.28
266,Dali,CN,2020-10-27 02:43:51,25.7,100.18,66.76,69,73,2.1
267,Nuristan,AF,2020-10-27 02:43:51,35.3,70.83,31.66,69,0,8.28
268,Marawi,PH,2020-10-27 02:43:52,8.0,124.29,84.0,75,85,5.01
269,Baykit,RU,2020-10-27 02:43:52,61.67,96.37,16.81,92,68,4.68
270,Faanui,PF,2020-10-27 02:43:52,-16.48,-151.75,80.58,76,100,18.25
271,Sedona,US,2020-10-27 02:43:52,34.87,-111.76,35.01,34,1,19.46
272,Maria Aurora,PH,2020-10-27 02:43:52,15.8,121.47,82.83,75,100,5.26
273,Sisophon,KH,2020-10-27 02:43:52,13.59,102.97,80.38,75,82,4.83
274,San Juan Del Rio,MX,2020-10-27 02:39:32,20.38,-100.0,68.0,14,40,5.82
275,Palmares Do Sul,BR,2020-10-27 02:43:53,-30.26,-50.51,66.09,89,100,16.96
276,Makakilo City,US,2020-10-27 02:39:42,21.35,-158.09,82.4,74,75,11.41
277,Ferme-Neuve,CA,2020-10-27 02:43:53,46.7,-75.45,33.76,93,100,5.48
278,Sitka,US,2020-10-27 02:41:47,57.05,-135.33,50.0,81,90,10.29
279,Awjilah,LY,2020-10-27 02:43:53,29.11,21.29,64.09,64,0,3.0
280,Fethiye,TR,2020-10-27 02:43:53,36.62,29.12,57.2,93,0,5.82
281,Toila,EE,2020-10-27 02:43:53,59.42,27.5,50.85,90,99,16.87
282,Sioux Lookout,CA,2020-10-27 02:43:13,50.1,-91.92,24.8,62,75,9.17
283,Palestine,PS,2020-10-27 02:43:54,31.92,35.2,69.01,82,0,2.24
284,Havre-Saint-Pierre,CA,2020-10-27 02:43:54,50.23,-63.6,30.2,100,90,4.7
285,Lake Havasu City,US,2020-10-27 02:43:54,34.48,-114.32,59.0,6,40,20.8
286,Paso De Carrasco,UY,2020-10-27 02:43:54,-34.86,-56.05,55.4,62,0,9.17
287,Vila Franca Do Campo,PT,2020-10-27 02:43:54,37.72,-25.43,68.0,88,75,16.11
288,Jaguaruna,BR,2020-10-27 02:43:54,-28.61,-49.03,68.49,93,99,11.05
289,Dunedin,NZ,2020-10-27 02:41:11,-45.87,170.5,54.0,65,43,11.01
290,Carutapera,BR,2020-10-27 02:41:20,-1.2,-46.02,78.49,84,95,5.95
291,Quelimane,MZ,2020-10-27 02:43:55,-17.88,36.89,75.2,94,20,4.7
292,Krasnouralsk,RU,2020-10-27 02:43:55,58.36,60.04,19.83,95,100,13.4
293,Kautokeino,NO,2020-10-27 02:43:55,69.01,23.04,28.08,98,78,14.74
294,Kambove,CD,2020-10-27 02:43:55,-10.88,26.6,65.82,70,100,2.95
295,Muros,ES,2020-10-27 02:43:55,42.78,-9.06,55.99,87,99,15.99
296,Yerbogachen,RU,2020-10-27 02:43:55,61.28,108.01,22.55,95,100,4.81
297,Segou,ML,2020-10-27 02:43:55,13.43,-6.22,76.78,18,47,5.59
298,Sao Domingos Do Maranhao,BR,2020-10-27 02:43:55,-5.58,-44.39,78.03,75,16,3.65
299,Roebourne,AU,2020-10-27 02:43:56,-20.78,117.13,86.41,35,1,13.6
300,Broken Hill,AU,2020-10-27 02:43:56,-31.95,141.43,60.8,63,40,8.05
301,Foggia,IT,2020-10-27 02:43:56,41.45,15.53,53.6,81,20,9.17
302,Balabac,PH,2020-10-27 02:43:56,7.99,117.06,78.42,87,100,24.58
303,Tuatapere,NZ,2020-10-27 02:41:01,-46.13,167.68,57.99,63,51,8.01
304,Alice Springs,AU,2020-10-27 02:43:05,-23.7,133.88,80.6,15,0,9.17
305,Kununurra,AU,2020-10-27 02:43:56,-15.77,128.73,86.0,62,40,6.93
306,Saint-Philippe,RE,2020-10-27 02:43:56,-21.36,55.77,73.4,78,75,3.36
307,Tasiilaq,GL,2020-10-27 02:42:13,65.61,-37.64,33.8,50,100,19.46
308,Winnemucca,US,2020-10-27 02:39:51,40.97,-117.74,39.2,12,20,3.36
309,Alyangula,AU,2020-10-27 02:43:57,-13.85,136.42,87.8,58,100,5.82
310,Usinsk,RU,2020-10-27 02:43:57,65.99,57.53,15.91,96,100,9.33
311,Pulandian,CN,2020-10-27 02:43:57,39.4,121.97,59.0,28,0,11.18
312,Wundanyi,KE,2020-10-27 02:43:57,-3.4,38.36,56.8,100,73,2.91
313,Smithers,CA,2020-10-27 02:42:19,54.78,-127.17,35.6,85,90,5.82
314,Iqaluit,CA,2020-10-27 02:43:57,63.75,-68.51,14.0,85,90,4.7
315,Kaitangata,NZ,2020-10-27 02:43:57,-46.28,169.85,53.01,70,13,8.99
316,Pevek,RU,2020-10-27 02:43:58,69.7,170.31,20.88,94,92,20.76
317,Faya,SA,2020-10-27 02:43:58,18.39,42.45,53.6,25,0,3.36
318,Anadyr,RU,2020-10-27 02:43:58,64.75,177.48,21.2,92,75,6.71
319,Listvyanka,RU,2020-10-27 02:43:58,51.85,104.87,33.8,74,0,6.71
320,Jumla,NP,2020-10-27 02:39:06,29.27,82.18,58.26,27,0,0.81
321,Erzin,TR,2020-10-27 02:43:58,36.96,36.2,69.8,44,0,1.12
322,Tocopilla,CL,2020-10-27 02:43:58,-22.09,-70.2,58.98,66,23,2.13
323,Shouguang,CN,2020-10-27 02:43:58,36.88,118.74,66.0,52,42,1.99
324,Luderitz,NA,2020-10-27 02:43:59,-26.65,15.16,57.54,84,0,15.12
325,Soria,ES,2020-10-27 02:43:59,41.67,-2.67,41.0,85,92,3.0
326,Baruun-Urt,MN,2020-10-27 02:41:02,46.68,113.28,33.03,68,0,10.51
327,Half Moon Bay,US,2020-10-27 02:43:59,37.46,-122.43,66.2,19,1,9.17
328,Uruana,BR,2020-10-27 02:43:59,-15.5,-49.69,72.63,88,100,2.01
329,Copiapo,CL,2020-10-27 02:43:59,-27.37,-70.33,55.4,82,1,6.93
330,Paignton,GB,2020-10-27 02:43:59,50.44,-3.57,51.01,90,100,5.01
331,Ancud,CL,2020-10-27 02:44:00,-41.87,-73.82,46.99,87,90,6.93
332,Alofi,NU,2020-10-27 02:39:17,-19.06,-169.92,78.8,69,75,17.22
333,Byron Bay,AU,2020-10-27 02:44:00,-28.65,153.62,73.4,73,90,11.41
334,Lulea,SE,2020-10-27 02:44:00,65.58,22.15,37.4,100,100,4.7
335,Hastings,GB,2020-10-27 02:44:00,50.86,0.57,48.0,93,3,10.29
336,Jian,CN,2020-10-27 02:44:00,27.12,114.98,73.65,50,1,5.79
337,Pochutla,MX,2020-10-27 02:44:00,15.74,-96.47,75.0,95,100,3.0
338,Kencong,ID,2020-10-27 02:44:00,-8.28,113.37,82.36,74,100,5.91
339,Kosovska Mitrovica,XK,2020-10-27 02:44:01,42.88,20.87,46.0,86,75,2.59
340,Acari,PE,2020-10-27 02:44:01,-15.43,-74.62,64.56,67,31,2.93
341,Ocean City,US,2020-10-27 02:44:01,39.28,-74.57,63.0,100,90,4.03
342,San Ramon De La Nueva Oran,AR,2020-10-27 02:40:31,-23.13,-64.33,71.01,71,2,2.28
343,Srednekolymsk,RU,2020-10-27 02:41:12,67.45,153.68,11.1,91,0,5.19
344,Belmonte,BR,2020-10-27 02:44:01,-15.86,-38.88,75.2,88,0,6.93
345,Ugep,NG,2020-10-27 02:44:01,5.81,8.08,72.82,98,100,3.51
346,New Boston,US,2020-10-27 02:44:02,42.98,-71.69,46.0,96,99,1.74
347,Bauska,LV,2020-10-27 02:44:02,56.41,24.19,55.4,87,90,13.87
348,Srikakulam,IN,2020-10-27 02:44:02,18.3,83.9,79.21,67,0,6.4
349,Nizhniy Chir,RU,2020-10-27 02:44:02,48.36,43.09,45.05,70,100,10.25
350,Sobolevo,RU,2020-10-27 02:44:02,54.43,31.9,42.42,92,7,9.17
351,Barra,BR,2020-10-27 02:44:02,-11.09,-43.14,75.22,84,99,2.86
352,Birao,CF,2020-10-27 02:44:02,10.28,22.79,71.98,53,45,0.31
353,Henties Bay,NA,2020-10-27 02:44:03,-22.12,14.28,55.99,93,0,3.18
354,College,US,2020-10-27 02:44:02,64.86,-147.8,26.6,79,90,5.82
355,Kavieng,PG,2020-10-27 02:44:03,-2.57,150.8,85.53,60,20,4.72
356,Yelan,RU,2020-10-27 02:44:03,50.95,43.74,35.82,89,55,7.81
357,Neuquen,AR,2020-10-27 02:44:03,-38.95,-68.06,62.6,33,0,9.17
358,Enshi,CN,2020-10-27 02:39:05,30.3,109.48,61.88,74,100,0.96
359,Chistogorskiy,RU,2020-10-27 02:44:03,53.98,87.38,40.8,86,100,6.93
360,Vicuna,CL,2020-10-27 02:44:04,-30.03,-70.71,53.6,87,0,8.05
361,Geraldton,AU,2020-10-27 02:40:48,-28.77,114.6,77.0,47,0,10.29
362,Chabahar,IR,2020-10-27 02:44:04,25.29,60.64,73.29,46,0,3.49
363,Mitu,CO,2020-10-27 02:44:04,1.2,-70.17,75.04,94,97,0.43
364,Cikupa,ID,2020-10-27 02:44:04,-6.24,106.51,91.0,78,20,8.05
365,Boa Vista,BR,2020-10-27 02:44:04,2.82,-60.67,86.0,58,0,8.05
366,Great Bend,US,2020-10-27 02:44:05,38.36,-98.76,23.0,79,90,13.87
367,La Ronge,CA,2020-10-27 02:44:05,55.1,-105.28,24.8,62,75,4.7
368,Richards Bay,ZA,2020-10-27 02:44:05,-28.78,32.04,66.11,88,100,4.32
369,Tiarei,PF,2020-10-27 02:44:05,-17.53,-149.33,82.4,74,75,9.17
370,High Level,CA,2020-10-27 02:44:05,58.52,-117.14,24.8,85,90,4.65
371,Naryan-Mar,RU,2020-10-27 02:44:05,67.67,53.09,20.59,94,100,17.34
372,Barinas,VE,2020-10-27 02:44:06,8.62,-70.21,74.07,92,0,3.31
373,Menongue,AO,2020-10-27 02:44:06,-14.66,17.69,66.22,45,34,5.23
374,Port Hedland,AU,2020-10-27 02:44:06,-20.32,118.57,82.4,65,0,10.29
375,Klaksvik,FO,2020-10-27 02:44:06,62.23,-6.59,35.6,65,58,6.93
376,Urucara,BR,2020-10-27 02:44:06,-2.54,-57.76,80.15,72,13,1.52
377,Ambilobe,MG,2020-10-27 02:44:06,-13.2,49.05,72.0,72,0,3.98
378,Fairbanks,US,2020-10-27 02:42:31,64.84,-147.72,26.6,86,90,10.29
379,Hovd,MN,2020-10-27 02:44:06,48.01,91.64,36.48,66,0,1.48
380,Santa Cruz,BO,2020-10-27 02:44:07,-17.8,-63.17,71.6,73,75,5.82
381,Ayagoz,KZ,2020-10-27 02:44:07,47.97,80.44,48.83,46,27,20.67
382,Auki,SB,2020-10-27 02:41:16,-8.77,160.7,83.21,77,100,2.37
383,Gander,CA,2020-10-27 02:44:07,48.97,-54.59,35.6,64,90,5.82
384,Alekseyevsk,RU,2020-10-27 02:44:07,57.84,108.35,23.86,91,80,4.23
385,Kotri,PK,2020-10-27 02:44:07,25.37,68.31,81.81,20,0,3.91
386,Ugoofaaru,MV,2020-10-27 02:44:07,5.67,73.0,82.83,75,0,7.74
387,Ishigaki,JP,2020-10-27 02:44:08,24.34,124.16,82.4,65,20,14.99
388,Morondava,MG,2020-10-27 02:44:08,-20.28,44.28,74.26,68,0,2.51
389,Kloulklubed,PW,2020-10-27 02:44:08,7.04,134.26,78.8,88,75,5.82
390,Olafsvik,IS,2020-10-27 02:44:08,64.89,-23.71,40.21,72,100,20.15
391,Snezhnogorsk,RU,2020-10-27 02:44:08,69.19,33.25,35.6,100,75,4.47
392,Khandyga,RU,2020-10-27 02:44:08,62.67,135.6,22.1,87,100,2.48
393,Sazonovo,RU,2020-10-27 02:44:08,59.09,35.23,44.37,89,100,8.95
394,Hami,CN,2020-10-27 02:44:08,42.8,93.45,49.46,42,100,4.65
395,Bulungu,CD,2020-10-27 02:44:09,-4.55,18.6,67.91,97,98,0.63
396,Vallenar,CL,2020-10-27 02:44:09,-28.57,-70.76,56.79,65,0,1.79
397,Savannah Bight,HN,2020-10-27 02:44:09,16.45,-85.85,83.17,74,100,18.34
398,Gorontalo,ID,2020-10-27 02:42:19,0.54,123.06,89.44,56,98,8.72
399,Grand Forks,US,2020-10-27 02:44:09,47.94,-97.43,19.4,67,40,12.75
400,Volgodonsk,RU,2020-10-27 02:44:09,47.51,42.15,46.54,56,51,13.42
401,Karasjok,NO,2020-10-27 02:44:09,69.47,25.51,32.0,98,20,24.16
402,Gladstone,AU,2020-10-27 02:44:09,-23.85,151.25,78.8,78,75,11.41
403,Beloha,MG,2020-10-27 02:44:10,-25.17,45.05,66.81,86,0,0.49
404,Altay,CN,2020-10-27 02:44:10,47.87,88.12,42.42,50,1,3.15
405,Kaeo,NZ,2020-10-27 02:44:10,-35.1,173.78,69.78,68,35,8.99
406,Thai Binh,VN,2020-10-27 02:44:10,20.45,106.33,78.8,74,51,4.7
407,Dalbandin,PK,2020-10-27 02:44:10,28.89,64.41,63.01,23,0,4.27
408,Bonfim,BR,2020-10-27 02:44:10,3.08,-59.95,81.48,66,22,5.93
409,Corsicana,US,2020-10-27 02:44:11,32.1,-96.47,48.2,93,90,11.41
410,Rocha,UY,2020-10-27 02:44:11,-34.48,-54.33,52.21,69,96,10.4
411,Sistranda,NO,2020-10-27 02:44:11,63.73,8.83,42.8,75,0,12.75
412,Jaque,PA,2020-10-27 02:44:11,7.52,-78.17,78.53,84,56,0.49
413,Pachora,IN,2020-10-27 02:44:11,20.67,75.35,78.69,48,0,1.28
414,Coria,ES,2020-10-27 02:44:11,39.99,-6.54,44.01,86,87,1.03
415,Santa Maria,BR,2020-10-27 02:44:11,-29.68,-53.81,64.4,93,90,9.17
416,Praia,CV,2020-10-27 02:44:11,14.92,-23.51,78.8,78,40,12.75
417,Dhidhdhoo,MV,2020-10-27 02:44:12,6.88,73.1,82.8,70,1,4.7
418,Warkworth,NZ,2020-10-27 02:44:12,-36.4,174.67,73.0,68,86,5.99
419,Tongliao,CN,2020-10-27 02:44:12,43.61,122.27,46.85,43,0,15.28
420,Macamic,CA,2020-10-27 02:44:12,48.75,-79.0,17.6,100,5,3.36
421,Astana,KZ,2020-10-27 02:44:12,51.18,71.45,35.6,93,75,20.13
422,Moranbah,AU,2020-10-27 02:44:12,-22.0,148.05,84.78,40,100,16.11
423,Raudeberg,NO,2020-10-27 02:44:12,61.99,5.14,48.0,77,97,8.7
424,Urengoy,RU,2020-10-27 02:44:12,65.97,78.37,0.25,92,0,8.9
425,Dudinka,RU,2020-10-27 02:44:13,69.41,86.18,3.2,84,6,6.71
426,Pangnirtung,CA,2020-10-27 02:44:13,66.15,-65.71,7.21,82,2,6.8
427,Gayny,RU,2020-10-27 02:44:13,60.31,54.32,19.56,97,51,3.33
428,Puerto Palomas,MX,2020-10-27 02:44:13,31.77,-107.62,48.2,45,90,19.46
429,Gasa,PS,2020-10-27 02:44:13,31.5,34.47,69.01,100,0,1.99
430,Shahpur,IN,2020-10-27 02:44:13,16.7,76.83,76.51,69,0,7.14
431,Manggar,ID,2020-10-27 02:43:03,-2.88,108.27,79.54,81,100,4.47
432,Rio Gallegos,AR,2020-10-27 02:44:14,-51.62,-69.22,42.8,60,0,4.7
433,Marataizes,BR,2020-10-27 02:43:52,-21.04,-40.82,70.99,90,97,4.83
434,Chicama,PE,2020-10-27 02:44:14,-7.84,-79.15,64.4,80,100,5.48
435,Nove Mesto Na Morave,CZ,2020-10-27 02:44:14,49.56,16.07,46.0,97,100,3.0
436,Dreznica,BA,2020-10-27 02:44:02,43.53,17.28,55.4,87,40,3.36
437,Poykovskiy,RU,2020-10-27 02:44:14,61.23,73.33,23.0,100,90,15.66
438,Santa Rosa,PH,2020-10-27 02:44:14,14.31,121.11,87.01,74,75,8.05
439,Sayyan,YE,2020-10-27 02:44:14,15.17,44.32,45.52,48,46,4.05
440,Dukat,RU,2020-10-27 02:44:15,62.55,155.55,14.23,96,92,5.88
441,Flagstaff,US,2020-10-27 02:43:55,35.2,-111.65,21.99,44,1,13.87
442,Galle,LK,2020-10-27 02:44:15,6.04,80.22,82.02,77,26,6.13
443,Beruwala,LK,2020-10-27 02:44:15,6.48,79.98,82.42,76,19,5.53
444,Saint-Leu,RE,2020-10-27 02:44:15,-21.15,55.28,73.4,78,75,3.36
445,Tadine,NC,2020-10-27 02:44:15,-21.55,167.88,76.98,74,29,16.31
446,Liwale,TZ,2020-10-27 02:44:15,-9.77,37.93,69.66,89,73,3.83
447,Tigil,RU,2020-10-27 02:44:16,57.8,158.67,43.92,63,100,4.7
448,Abu Zabad,SD,2020-10-27 02:44:16,12.35,29.25,76.48,27,29,8.63
449,Icod De Los Vinos,ES,2020-10-27 02:44:16,28.37,-16.71,69.01,73,12,3.0
450,Shimoda,JP,2020-10-27 02:44:16,34.67,138.95,68.0,64,75,16.11
451,Saint-Joseph,RE,2020-10-27 02:44:16,-21.37,55.62,73.4,78,75,3.36
452,Hojai,IN,2020-10-27 02:44:16,26.0,92.87,76.93,88,46,1.21
453,The Valley,AI,2020-10-27 02:44:16,18.22,-63.06,82.4,83,40,14.99
454,Mecca,SA,2020-10-27 02:43:30,21.43,39.83,72.72,72,0,1.19
455,Polaniec,PL,2020-10-27 02:44:17,50.43,21.28,51.8,93,0,4.7
456,Nouakchott,MR,2020-10-27 02:42:01,18.09,-15.98,78.8,24,0,9.37
457,Kisangani,CD,2020-10-27 02:44:17,0.52,25.2,69.71,97,64,1.61
458,Yabelo,ET,2020-10-27 02:44:17,4.88,38.08,60.57,90,96,6.71
459,Ballina,AU,2020-10-27 02:44:17,-28.87,153.57,73.4,73,90,11.41
460,Maraba,BR,2020-10-27 02:44:17,-5.37,-49.12,74.08,96,100,1.72
461,Manbij,SY,2020-10-27 02:44:18,36.53,37.95,50.0,31,0,5.77
462,Ilebo,CD,2020-10-27 02:44:18,-4.32,20.58,69.19,96,79,0.94
463,Ascoli Piceno,IT,2020-10-27 02:44:18,42.85,13.57,57.99,79,100,3.96
464,Kruisfontein,ZA,2020-10-27 02:44:18,-34.0,24.73,64.0,89,1,1.01
465,Port Blair,IN,2020-10-27 02:44:18,11.67,92.75,83.28,71,40,1.9
466,Hurghada,EG,2020-10-27 02:44:18,27.26,33.81,73.4,60,0,5.82
467,Sondrio,IT,2020-10-27 02:44:18,46.17,9.87,50.0,96,100,1.01
468,Antofagasta,CL,2020-10-27 02:42:04,-23.65,-70.4,59.0,72,90,6.93
469,Waingapu,ID,2020-10-27 02:44:19,-9.66,120.26,88.48,54,29,10.56
470,Teguise,ES,2020-10-27 02:44:19,29.06,-13.56,68.0,77,0,6.93
471,Paratinga,BR,2020-10-27 02:42:39,-12.69,-43.18,73.4,88,38,4.7
472,Minsk,BY,2020-10-27 02:43:44,53.9,27.57,44.6,93,75,11.18
473,Mendi,PG,2020-10-27 02:44:19,-6.18,143.65,68.9,81,56,4.47
474,Vysokogornyy,RU,2020-10-27 02:44:19,50.12,139.15,40.95,67,0,1.05
475,Calamar,CO,2020-10-27 02:44:20,10.25,-74.91,84.2,83,40,6.93
476,Kahului,US,2020-10-27 02:39:55,20.89,-156.47,87.8,52,40,6.93
477,Pavino,RU,2020-10-27 02:44:20,59.11,46.14,26.96,97,37,5.01
478,San Jose,US,2020-10-27 02:43:09,37.34,-121.89,63.0,18,0,1.43
479,Sebeta,ET,2020-10-27 02:44:20,8.92,38.62,46.99,53,0,2.24
480,Mbandaka,CD,2020-10-27 02:44:20,0.05,18.26,69.75,91,55,1.83
481,Krasnoselkup,RU,2020-10-27 02:44:20,65.7,82.47,-1.68,90,0,10.45
482,Sangar,RU,2020-10-27 02:44:20,63.92,127.47,9.68,95,100,7.76
483,Manta,EC,2020-10-27 02:44:20,-0.95,-80.73,73.4,83,75,11.41
484,Atasu,KZ,2020-10-27 02:44:21,48.68,71.64,37.11,74,14,23.47
485,Sandpoint,US,2020-10-27 02:44:21,48.28,-116.55,30.2,54,90,6.93
486,Lobatse,BW,2020-10-27 02:44:21,-25.22,25.67,69.8,52,37,3.36
487,Bumba,CD,2020-10-27 02:44:21,2.18,22.47,71.01,97,99,2.28
488,Roma,US,2020-10-27 02:44:21,43.21,-75.46,46.99,93,90,9.17
489,Jacqueville,CI,2020-10-27 02:44:21,5.21,-4.41,80.6,88,40,5.82
490,Saskylakh,RU,2020-10-27 02:44:21,71.92,114.08,-0.72,91,91,5.64
491,Sao Jose De Ribamar,BR,2020-10-27 02:44:21,-2.56,-44.05,80.6,83,20,13.87
492,Tura,IN,2020-10-27 02:44:22,25.52,90.22,79.34,73,83,1.59
493,La Paz,BO,2020-10-27 02:44:22,-16.5,-68.15,42.8,66,40,4.7
494,Toppenish,US,2020-10-27 02:44:22,46.38,-120.31,37.0,64,1,5.82
495,Bijawar,IN,2020-10-27 02:44:22,24.63,79.5,76.73,33,0,1.79
496,Preston,GB,2020-10-27 02:44:22,53.77,-2.72,46.99,90,22,9.26
497,Vadso,NO,2020-10-27 02:44:22,70.07,29.75,33.8,100,75,20.8
498,Moussoro,TD,2020-10-27 02:44:22,13.64,16.49,77.86,23,0,10.45
499,Petropavlovsk-Kamchatskiy,RU,2020-10-27 02:44:23,53.05,158.65,46.4,81,54,6.71
500,Khash,IR,2020-10-27 02:44:23,28.22,61.22,51.78,35,0,0.51
501,Kalevala,RU,2020-10-27 02:44:23,65.2,31.17,42.62,96,100,6.26
502,Port Lincoln,AU,2020-10-27 02:44:23,-34.73,135.87,61.57,68,18,10.02
503,Los Llanos De Aridane,ES,2020-10-27 02:39:54,28.66,-17.92,69.8,60,20,9.17
504,Worland,US,2020-10-27 02:44:23,44.02,-107.96,8.01,84,1,2.3
505,Adrar,MR,2020-10-27 02:44:23,20.5,-10.07,82.33,15,32,6.15
506,Kon Tum,VN,2020-10-27 02:44:24,14.35,108.0,80.82,60,100,4.5
507,Progreso,MX,2020-10-27 02:44:24,21.28,-89.67,81.0,88,90,11.41
508,Pauini,BR,2020-10-27 02:44:24,-7.71,-66.98,76.01,87,90,1.9
509,Sabha,LY,2020-10-27 02:44:24,27.04,14.43,67.53,31,33,11.45
510,Puerto Narino,CO,2020-10-27 02:44:24,-3.77,-70.38,77.0,100,75,3.36
511,Ananas,HT,2020-10-27 02:44:24,19.25,-71.96,71.56,90,100,2.42
512,Jalu,LY,2020-10-27 02:44:24,29.03,21.55,65.03,62,0,4.03
513,Namibe,AO,2020-10-27 02:44:24,-15.2,12.15,68.56,83,16,2.28
514,Mayo,US,2020-10-27 02:44:25,38.89,-76.51,57.99,100,90,4.09
515,Darlowo,PL,2020-10-27 02:44:25,54.42,16.41,48.99,97,100,11.36
516,Vitim,RU,2020-10-27 02:44:25,59.45,112.56,23.54,94,97,1.88
517,Port Hardy,CA,2020-10-27 02:42:07,50.7,-127.42,44.6,100,90,2.24
518,Sept-Iles,CA,2020-10-27 02:44:13,50.2,-66.38,30.99,100,90,5.82
519,Chuy,UY,2020-10-27 02:44:25,-33.7,-53.46,56.34,78,97,12.64
520,Flinders,AU,2020-10-27 02:44:25,-34.58,150.86,68.0,77,75,14.99
521,Hegang,CN,2020-10-27 02:44:25,47.4,130.37,48.27,57,51,3.96
522,Kingaroy,AU,2020-10-27 02:44:25,-26.53,151.83,80.6,51,75,8.05
523,Tsaratanana,MG,2020-10-27 02:44:26,-16.78,47.65,72.41,52,11,5.68
524,Belle Fourche,US,2020-10-27 02:44:26,44.67,-103.85,19.99,57,75,5.82
525,Lata,PT,2020-10-27 02:44:26,40.16,-8.33,51.01,93,20,4.7
526,Yinchuan,CN,2020-10-27 02:43:37,38.47,106.27,47.66,41,100,4.79
527,Kinablangan,PH,2020-10-27 02:44:26,7.69,126.55,84.61,71,95,4.56
528,Weinan,CN,2020-10-27 02:44:26,34.5,109.51,59.0,71,100,2.24
529,Cayenne,GF,2020-10-27 02:44:26,4.93,-52.33,78.8,100,0,1.12
530,Singaraja,ID,2020-10-27 02:44:26,-8.11,115.09,87.48,59,77,3.6
531,Bintulu,MY,2020-10-27 02:44:27,3.17,113.03,78.8,88,20,5.82
532,Ewa Beach,US,2020-10-27 02:44:24,21.32,-158.01,82.4,74,75,11.41
533,Saint-Georges,GD,2020-10-27 02:44:27,12.06,-61.75,78.8,88,75,17.22
534,Andros Town,BS,2020-10-27 02:44:27,24.7,-77.77,78.8,83,75,1.12
535,Gizo,SB,2020-10-27 02:44:27,-8.1,156.84,82.9,73,83,3.15
536,Aleppo,SY,2020-10-27 02:44:27,36.25,37.5,65.07,31,0,9.66
537,Adre,TD,2020-10-27 02:44:27,13.47,22.2,71.85,25,0,10.92
538,Bathsheba,BB,2020-10-27 02:44:27,13.22,-59.52,78.8,78,75,17.22
539,Alvinopolis,BR,2020-10-27 02:44:28,-20.11,-43.05,65.17,88,6,2.37
540,Waidhofen,DE,2020-10-27 02:44:28,48.58,11.33,41.0,93,75,2.24
541,Avera,US,2020-10-27 02:39:40,33.19,-82.53,64.4,91,40,3.38
542,Yurginskoye,RU,2020-10-27 02:44:28,56.82,67.39,32.45,97,100,22.46
543,Senno,RU,2020-10-27 02:44:28,59.53,33.92,46.26,89,100,8.77
544,Vendome,FR,2020-10-27 02:44:28,47.8,1.07,44.6,93,0,8.05
545,Olinda,BR,2020-10-27 02:41:21,-8.01,-34.86,80.6,74,75,11.41
546,Alor Setar,MY,2020-10-27 02:44:28,6.12,100.36,84.2,83,20,3.36
547,Potosi,BO,2020-10-27 02:44:29,-19.58,-65.75,45.77,78,31,6.44
548,Guadalupe Y Calvo,MX,2020-10-27 02:44:29,26.1,-106.97,48.74,98,6,5.68
549,Nagai,JP,2020-10-27 02:44:29,38.1,140.03,62.01,67,40,3.36
550,Goma,CD,2020-10-27 02:44:29,-1.68,29.22,63.64,81,100,0.43
551,Keningau,MY,2020-10-27 02:39:30,5.34,116.16,75.2,94,40,13.87
552,Landeck,AT,2020-10-27 02:44:29,47.13,10.56,36.0,86,75,10.29
553,Bemidji,US,2020-10-27 02:44:29,47.47,-94.88,19.4,67,1,6.93
554,Rantepao,ID,2020-10-27 02:44:29,-2.97,119.9,83.75,50,94,4.61
555,Beipiao,CN,2020-10-27 02:44:30,41.79,120.78,51.4,36,0,12.17
556,Marmarion,GR,2020-10-27 02:42:06,38.05,24.32,60.01,93,20,1.12
557,Ukiah,US,2020-10-27 02:39:37,39.15,-123.21,62.6,12,1,4.7
558,Yumen,CN,2020-10-27 02:44:30,40.28,97.2,45.93,46,100,12.86
559,Yarmouth,US,2020-10-27 02:44:30,41.71,-70.23,59.0,100,90,3.36
560,Alamogordo,US,2020-10-27 02:40:31,32.9,-105.96,39.2,44,75,10.29
561,Moose Factory,CA,2020-10-27 02:41:03,51.26,-80.61,23.0,67,20,9.17
562,Rawson,AR,2020-10-27 02:44:30,-43.3,-65.1,61.66,38,98,11.72
563,Fasa,IR,2020-10-27 02:44:31,28.94,53.65,44.6,45,0,1.79
564,Loa Janan,ID,2020-10-27 02:44:31,-0.58,117.09,82.87,79,81,5.5
565,Nador,MA,2020-10-27 02:44:31,35.17,-2.93,60.8,67,0,6.93
566,Yeppoon,AU,2020-10-27 02:44:31,-23.13,150.73,82.4,61,75,9.17
567,Tashtagol,RU,2020-10-27 02:44:31,52.77,87.89,37.98,78,100,3.67
568,Puerto Ayacucho,VE,2020-10-27 02:44:31,5.66,-67.62,76.6,92,100,2.46
